utc_iso,offset_ms,pulse_ms
2026-10-09T19:01:21Z,-81902,1068.3
2026-10-09T20:01:21Z,-81891,1065.0
2026-10-09T21:01:21Z,-81793,1064.6
2026-10-09T22:01:21Z,-81879,1064.4
2026-10-09T23:01:21Z,-81906,1064.1
2026-10-10T00:01:21Z,-81896,1064.6
2026-10-10T01:01:21Z,-81936,1063.2
2026-10-10T02:01:21Z,-81947,1062.1
2026-10-10T03:01:22Z,-82017,1061.9
2026-10-10T04:01:21Z,-81854,1062.6
2026-10-10T05:01:22Z,-82075,1059.4
2026-10-10T06:01:22Z,-82100,1060.2
2026-10-10T07:01:22Z,-82177,1059.4
2026-10-10T08:01:22Z,-82227,1059.5
2026-10-10T09:01:22Z,-82281,1059.0
